<ImportExportXml xmlns:xsi="http://www.w3.org/2001/XMLSchema-instance">
  <Entities></Entities>
  <Roles></Roles>
  <Workflows></Workflows>
  <FieldSecurityProfiles></FieldSecurityProfiles>
  <Templates />
  <EntityMaps />
  <EntityRelationships />
  <OrganizationSettings />
  <optionsets />
  <WebResources>
    <WebResource>
      <WebResourceId>{5a858219-37e3-e511-80e7-ac162db46cc6}</WebResourceId>
      <Name>xt_/RecordCount/RecordCount.html</Name>
      <DisplayName>/RecordCount/RecordCount.html</DisplayName>
      <WebResourceType>1</WebResourceType>
      <IntroducedVersion>1.0.0.0</IntroducedVersion>
      <IsEnabledForMobileClient>1</IsEnabledForMobileClient>
      <IsCustomizable>1</IsCustomizable>
      <CanBeDeleted>1</CanBeDeleted>
      <IsHidden>0</IsHidden>
      <FileName>/WebResources/xt_RecordCountRecordCounthtml5A858219-37E3-E511-80E7-AC162DB46CC6</FileName>
    </WebResource>
    <WebResource>
      <WebResourceId>{e5f7943a-37e3-e511-80e7-ac162db46cc6}</WebResourceId>
      <Name>xt_/RecordCount/scripts/REcordCount.js</Name>
      <DisplayName>/RecordCount/scripts/REcordCount.js</DisplayName>
      <WebResourceType>3</WebResourceType>
      <IntroducedVersion>1.0.0.0</IntroducedVersion>
      <IsEnabledForMobileClient>0</IsEnabledForMobileClient>
      <IsCustomizable>1</IsCustomizable>
      <CanBeDeleted>1</CanBeDeleted>
      <IsHidden>0</IsHidden>
      <FileName>/WebResources/xt_RecordCountscriptsREcordCountjsE5F7943A-37E3-E511-80E7-AC162DB46CC6</FileName>
    </WebResource>
  </WebResources>
  <Languages>
    <Language>1033</Language>
  </Languages>
</ImportExportXml>